true,pred
0.015000015517225407,0.5943616422952065
3.185000011405794,1.4970813462089083
6.050000007689944,2.509523697563612
9.906666669354586,4.415378493663268
12.794999998941805,5.848137473917304
14.31999999696391,6.758842894736182
15.558333328691145,8.695395049998591
12.223333333016582,9.404156675304803
9.410000003332087,11.340215620071367
7.578333339041057,10.338804321237987
6.481666673796747,11.191783944238308
5.388333341881445,9.875289267601278
2.9233333450785057,8.174101235146443
1.9033333464014266,8.069284921467098
1.3233333471536763,1.7973655421904429
0.6583333480161677,1.118235218338647
0.49166668156566473,1.3734144250792557
0.16333334865817406,2.0360518760278765
-0.22333331750699337,1.8814259086972758
-0.5183333171243838,-0.6992242106027078
-0.6783333169168664,0.11665005249950866
-0.34666665068036373,0.08003111653957795
-0.4666666505247292,-0.27343960058265004
0.13500001536158912,0.3091616068775167
1.5933333468034903,0.5728742130036455
3.748333344008497,1.5232321025277926
6.0050000077483086,3.3917180505799447
9.640000003033782,5.879048119971957
11.893333333444582,9.004649064256661
13.308333331609354,10.45003333276817
12.963333332056813,12.188820045884043
11.425000000718669,12.926907791289615
9.696666669626953,12.487274021576336
8.421666671280605,10.839708789792876
6.880000006613449,10.852200135194996
5.898333341219986,8.135682145088275
5.0316666756773705,6.695343067898129
4.353333343223822,4.403064179935136
3.7566666773310207,2.5848456658433623
2.8600000118273137,1.8170116370449065
2.8700000118143443,2.5461997061001505
1.6666666800417111,1.8880015218320505
0.9616666809560819,2.1895938427303214
0.9850000142591533,2.0756272038376604
0.5850000147779468,2.2625683184796728
0.8233333478021674,2.264958553117829
0.800000014499096,1.4312600072773698
1.0466666808458402,2.6348779399575637
1.545000013532844,1.5017815177995146
2.9516666783750907,2.602031417104868
5.098333342257571,4.785224383226122
6.4750000071387275,6.132166892678987
7.576666672376553,8.784700925470279
8.56000000443452,9.8469364208197
7.736666672169036,10.762320673246647
6.365000007281394,10.641270328932633
5.295000008669166,10.444813907630065
4.748333342711515,9.886903400611219
4.211666676740895,7.465185434973635
3.3916666778044195,5.8748009131014856
2.135000012767625,5.043557580847465
1.8116666798536496,2.6617848949828957
2.185000012702778,1.543331977387112
2.13333334610312,1.6884463569564403
2.10666667947104,2.276591251741989
2.1733333460512423,2.1250594523654733
1.9150000130529623,1.362882599952803
1.573333346829429,0.17246871582669598
1.2183333472898585,0.7225617702237646
0.7483333478994396,1.632191470354611
0.6383333480421083,1.579417374078199
0.061666682123366456,2.003993453930608
0.015000015517225407,2.6346563655258723
1.0183333475492535,2.927388439238035
3.4350000110815504,3.77905874011425
5.921666674523056,4.560238000127837
7.206666672856436,5.258799393604302
8.396666671313028,6.395629133729029
6.503333340435312,5.605472412073509
4.336666676578772,5.418062151348661
3.133333344806138,5.720621917909487
2.6633333454157206,6.925297662894214
2.3066666792116433,6.912069599433901
1.9950000129492018,5.510826326224514
1.7816666798925596,5.660792308100561
1.7033333466608234,1.4906159070893992
1.5783333468229443,0.17222740564368522
1.6550000133901772,0.7440798224602077
1.8583333464597889,1.732624108808352
2.4333333457140256,2.1703042436143303
2.635000012119134,2.287607387647279
3.001666678310242,2.281035762286681
3.506666677655266,2.2686132186308647
4.126666676851138,1.8921662283573628
4.426666676462044,1.6303265885630882
4.638333342854182,1.5267455456321741
5.281666675353124,2.2430150075282143
6.421666673874566,2.412099872123017
7.23500000615302,3.7042303196714848
7.76166667213661,5.463300266976841
8.023333338463901,7.606951430887036
8.420000004616098,8.823376722461441
8.596666671053631,9.260067812030675
8.696666670923934,9.233764069868272
8.770000004162156,8.839604483727076
8.798333337458741,6.90986111249743
8.591666671060116,5.008377349590548
8.421666671280605,3.894142826951665
7.983333338515781,4.316034763519806
7.780000005446167,4.8473074065729715
7.616666672324674,5.581178309896427
7.523333339112392,6.508316416425651
7.306666672726736,6.871032840492245
7.086666673012074,6.706415452152788
6.241666674108023,6.89145179754747
5.173333342160298,6.743797373495499
4.718333342750424,7.24470357247492
4.106666676877078,7.479290488726795
4.043333343625887,7.722819304768497
4.710000009427899,7.694783892902142
5.855000007942856,7.776600928446884
7.615000005660168,6.911950179657875
8.866666670703447,6.331147597802999
9.545000003156995,6.995630204649416
9.731666669581559,6.801425467766883
9.160000003656332,7.454508296350013
9.256666670197623,8.433754535380388
8.975000003896273,9.403316771762416
9.078333337095586,10.755451568964483
8.990000003876819,10.653046309753448
8.095000005037617,10.195586004626696
7.351666672668373,9.594055343975747
6.815000006697754,8.320356637028127
6.015000007735339,8.78476238608692
5.160000008844257,8.045316811789133
4.558333342957941,8.409207540598118
3.9350000104330594,8.065546975986308
3.2566666779795117,6.705957465623678
2.5650000122099232,6.1726358567541215
2.501666678958733,5.711682513874525
2.1483333460836658,4.594288938556161
1.0933333474519813,3.6166597187771004
0.6133333480745335,3.1688479598335793
1.8416666798147396,2.9419319026857824
2.1900000126962915,3.1655052388412273
4.026666676980836,3.8097349937547005
7.206666672856435,5.663648150530192
11.046666667876028,6.431234699257054
12.606666665852737,5.883417004412942
13.144999998487863,6.138754404819257
12.898333332141117,7.971999876678911
11.770000000271212,6.560531903474506
11.138333334423805,8.235830905700382
10.041666669179493,10.582026080447262
10.13666666905628,13.063883299254014
9.995000002573352,11.615957331301363
10.870000001438493,10.680964351727805
10.65000000172383,9.212156751925468
10.426666668680157,7.3138247631469655
10.481666668608822,7.026573237726876
10.751666668258638,5.71016666277221
11.088333334488652,6.666224769202732
11.450000000686247,6.29424199413269
11.21000000099752,7.896515982027099
10.621666668427245,6.576060017795374
10.158333335694845,6.383456856516269
10.245000002249107,6.74827944938341
10.323333335480843,7.374846992062183
11.251666667610147,8.08542214862732
13.309999998273861,9.394757297429962
14.898333329547155,10.507886949038577
15.743333328451207,11.875886710188713
16.70499999387061,13.61354029970812
16.578333327368227,15.887258915826724
15.593333328645754,16.598867392252085
14.533333330020554,17.109596405707947
13.458333331414808,17.486689888444403
12.498333332659909,16.1596288528363
11.711666667013535,14.055797121652432
10.970000001308795,13.563997840755361
9.850000002761416,12.27527344053798
9.698333336291457,11.60358054610723
9.205000003597968,11.579747203148774
9.435000003299663,11.544531635847383
9.968333335941272,11.49538960647338
9.966666669276767,11.245674186767918
9.85166666942592,10.939717866469113
9.488333336563823,9.764938761842576
9.305000003468269,10.459842474486848
9.335000003429359,9.535190034534239
8.233333338191535,10.24575271250883
9.243333336881584,10.5534567765248
11.080000001166129,10.228285813457397
12.086666666527169,10.719508260794663
13.121666665184794,11.264198674489192
14.31999999696391,12.575704029014972
15.313333329008907,13.98314722757478
15.729999995135163,12.762163324247345
15.079999995978204,14.919057879107047
13.941666664121268,15.681807018446712
12.663333332445909,14.22938059712397
11.591666667169173,13.19685267715412
10.81166666818082,12.629167910233114
11.805000000225817,12.297783086728941
11.751666666961656,11.71424111818033
11.186666667694452,10.255984538312127
11.318333334190347,9.402492878827035
11.186666667694452,8.898862460428646
10.491666668595853,8.966257096731905
9.490000003228328,9.333589192556893
9.106666670392173,12.026104615030812
9.095000003740637,11.310492680451523
9.266666670184653,10.603886972412035
8.83500000407785,10.946732029434893
9.08666667041811,10.231853187800427
8.978333337225283,9.41964905261645
10.370000002086984,8.810263652638735
11.145000001081826,9.776272856840155
11.535000000576,11.256222321659115
11.920000000076664,12.859768936189173
11.698333333697494,12.910917356481699
11.73000000032309,13.967214588500415
11.308333334203317,13.337832410893043
10.685000001678436,14.908391968119828
9.791666669503739,13.245926801016676
9.398333336680551,11.720124936897438
9.955000002625233,10.82509380834628
10.111666669088704,9.442027105941788
9.970000002605778,9.559944717778857
10.138333335720786,9.279206630369455
9.90833333601909,9.510002007049167
10.09666666910816,9.268703305203351
9.651666669685316,9.491576803743541
9.716666669601013,10.466530645395046
9.693333336297943,9.827619231339554
8.861666670709932,8.992046887325552
8.458333337899715,8.877009537610512
8.826666670755326,8.554951656307578
9.043333337140982,9.370652028676565
9.465000003260753,8.847698808916189
9.888333336045031,9.963364451276473
10.36166666876446,10.478134353499726
10.39500000205456,9.869981741710358
10.58000000181462,10.425330898739128
10.68000000168492,11.567385787254194
10.890000001412556,11.47427129413451
11.09333333448217,11.598789160178075
10.791666668206757,11.074153535997267
10.58333333514363,10.66421619962104
10.595000001795164,9.559262007995711
10.601666668453184,9.591951078630235
10.661666668375366,9.522669941809465
10.688333335007446,10.013252636455722
10.570000001827589,10.600023378493617
10.39833333538357,10.285613252795697
10.308333335500299,10.42188613507161
10.203333335636481,10.645842799958134
10.075000002469595,10.584011764095717
10.031666669192463,10.379796701579238
9.928333335993152,10.00373453384637
9.768333336200667,9.670915613937755
9.906666669354586,9.4507303853868
9.863333336077456,9.399414359513534
9.740000002904083,9.536597406313472
10.026666669198947,9.868008270056777
10.471666668621792,10.451651999684845
10.985000001289341,10.648623247503414
12.333333332873913,10.809128614126918
12.903333332134633,11.331653878017663
13.943333330785771,10.984309506768565
13.663333331148927,10.625417650223312
12.116666666488259,11.027988299104141
11.15666666773336,11.258690942150254
10.233333335597571,11.505720530996546
9.371666670048473,12.934883341727375
8.868333337367952,12.480436776028625
8.316666671416787,13.541840345294194
8.61000000436967,12.108648882547296
8.551666671111995,10.049317895284831
8.121666671669699,9.971050702278749
7.770000005459136,9.437555276692894
7.793333338762206,8.955126477290257
8.146666671637274,8.894001667013525
8.191666671578908,8.435527659905175
8.47333333788026,9.350277344349307
9.90500000269008,8.9745875456311
11.263333334261683,8.421912686506033
11.158333334397865,8.26786675257669
10.600000001788679,8.723048290483826
9.853333336090426,9.46254944277204
9.091666670411627,9.5837267975858
9.428333336641643,10.482082565482182
9.483333336570308,13.028563834605162
9.77166666952968,14.348491774266233
9.660000003007841,13.202900364434747
9.193333336946433,12.198985698801485
8.216666671546484,10.75185990719291
8.135000004985738,9.139293942689074
8.230000004862525,9.094109096605713
6.425000007203575,7.873437397017857
5.563333341654475,7.789004257533576
5.373333341900902,7.342880092253745
4.615000009551111,6.988035744907614
4.15333334348322,6.487173483200803
3.7616666773245377,7.761402035912036
3.3166666779016936,8.158852087357136
2.8466666785112746,5.481747747907187
2.6000000121645286,5.930711089521604
2.355000012482291,6.623673693620336
2.1550000127416844,6.300691939916037
1.936666679691525,6.855527034689718
2.2350000126379275,7.188826742719488
3.213333344702381,7.213788781391891
4.700000009440869,6.725048344730262
4.8633333425623615,6.079570266042274
5.111666675573612,5.090884017439265
5.30333334199169,4.44895959068866
4.741666676053495,3.933416178842279
4.790000009324141,4.530954508912297
4.0883333435675215,5.967866057544341
3.9700000103876665,7.568163411841367
4.006666677006775,6.3497069715039585
3.530000010958336,6.117722505076314
2.606666678822549,5.434824839075007
1.4416666803335314,3.851862994435459
0.8216666811376623,4.143893172400211
0.018333348846233832,2.524366040799489
-0.38999998395749635,2.818233472348874
-1.4216666492861112,2.9946580869970845
-1.7666666488386529,2.285648796838972
-2.2166666482550106,1.2063741749284596
-2.4716666479242786,0.3911590241537386
-2.6183333144007257,0.7554104544017761
-2.619999981065229,-0.028810705650665014
-2.653333314355331,0.17479094914085458
-1.7266666488905322,-0.7439870723584807
-0.8783333166574714,0.12337743885113639
0.5200000148622497,0.2962482548821832
3.563333344248438,1.0611249587290619
5.076666675619006,1.7048900158154154
5.248333342063024,2.172407059872116
5.6533333415377465,2.0081035274466714
5.455000008461649,2.9779497007371525
4.703333342769879,2.802172950089023
4.056666676941926,3.5101090246052795
3.9983333436842496,6.2964515335779705
3.3950000111334298,5.445635870488109
3.180000011412279,4.185517538420862
3.896666677149444,4.192442249626073
4.180000010115299,3.053336055652588
3.94500001042009,1.7322413017245761
4.466666676410164,0.9243784275445286
4.25333334335352,1.2066551438191713
3.886666677162413,0.1355636832459428
3.3766666778238736,0.38852781174793805
3.7233333440409204,1.7792908495145898
4.228333343385946,1.7671254579235889
4.500000009700265,1.4149280762702237
5.008333342374299,2.6556479676209896
4.903333342510482,2.3239421141938834
6.150000007560245,2.6854383425203867
7.47333333917724,3.300349859491183
7.978333338522266,5.564544869235107
9.195000003610938,7.333379653247274
9.376666670041987,8.374724830370837
9.03333333715395,9.550456204097463
8.575000004415065,8.728774550433519
7.96333333854172,9.772089416173943
7.8566666720133975,9.335991853445174
7.321666672707282,7.80200568792479
7.101666672992619,8.05409899886715
6.5500000070414535,6.529034009063799
6.311666674017234,6.182336084159376
5.648333341544231,6.1416182598408255
5.056666675644945,6.023485842270707
5.110000008909107,7.044195830350519
5.120000008896136,6.665631739190322
5.153333342186237,6.750088058183277
5.265000008708074,5.8796302380523455
5.225000008759954,5.940765448481926
5.33666667528179,4.875829107569219
5.3200000086367405,4.593295928180227
5.913333341200532,5.562292887696604
6.1016666742896,6.046057308734127
6.283333340720649,6.585939910536672
7.026666673089892,7.342454527073667
7.7500000054850755,7.739765461818986
8.153333338295294,8.498882542962363
8.433333337932138,8.668802379448595
8.248333338172081,9.591787887738327
8.173333338269355,8.995233148179336
6.413333340552041,8.48981681828376
5.756666674737059,8.57411511056756
4.723333342743939,8.06803985701271
3.126666678148119,7.531304849838343
1.7183333466413693,7.355907474788211
1.0616666808263862,6.5589260573742765
0.3116666817991227,6.6232559916390805
-0.3266666507063043,3.9479633463943813
-0.7416666501680584,4.556136911929085
-1.34166664938987,3.5016049586896525
-1.60333331571716,2.173880977665595
-1.0199999831403996,1.7626000546544827
-1.6533333156523113,2.2933675958233746
-2.6083333144136933,2.004711168913632
-2.06333331512055,1.9342475733872107
-2.939999980650194,2.0496480535958597
-2.4316666479761597,1.5797715257823075
-0.6566666502783018,1.8538441310272145
1.3516666804502613,3.3021962088593497
3.3783333444883805,2.1196484440562013
5.225000008759954,1.539851232210749
5.855000007942855,3.4353214773712253
5.965000007800188,1.6467774435969922
5.231666675417974,3.0366050002511304
3.8800000105043946,4.512179627975483
2.971666678349152,5.218203572493518
2.5833333455194794,5.389707754568229
2.4483333456945715,5.033730793888342
1.9666666796526169,3.2736862492378886
1.9383333463560302,2.257345489685683
2.215000012663868,0.555763135859797
2.316666679198674,-0.8856954588729167
2.4450000123655613,-0.8023017922755162
2.496666678965216,-0.1011495139421914
2.411666679075461,0.31309408485640233
2.210000012670351,0.12415738098221851
1.4583333469785824,0.7454607701695526
0.7233333479318631,1.2555993972800366
-0.03999998441143937,1.1874944058826085
-0.7749999834581587,1.2735268145758685
-0.5949999836916167,1.2785203218567656
0.40333334834689794,1.6846941663658033
2.6900000120478005,2.4541538712912168
4.876666675878402,2.787779239395583
6.64500000691824,3.971138918819385
7.8566666720133975,4.944235738525392
8.395000004648525,5.090614776587257
7.576666672376553,5.602369758939031
6.290000007378668,5.95756739718233
4.030000010309847,6.767811565128996
2.7950000119116183,6.313733725049508
2.1283333461096046,5.798605868212591
1.895000013078901,5.379380576948254
1.35833334710828,5.1647759797817345
1.1450000140516376,3.9674241694524
0.7083333479513207,3.349609621336768
0.3100000151346176,1.6673101908309178
0.10333334873599398,2.382020928851361
-0.13333331762372147,2.6128287379518067
-1.0149999831468843,2.8390542253329762
-1.066666649746539,1.9320788972907046
-0.8599999833479153,1.6200434874616327
-0.9699999832052484,0.39353697196423987
-1.3133333160932832,-0.40561036411933316
-0.8233333167288048,-0.6360452821418949
0.2966666818185768,-0.5266801997790971
2.0800000128389584,-0.7397282945823989
3.4950000110037305,1.512111030431866
4.645000009512203,3.687188173125019
5.3966666752039725,5.135898961439319
5.946666674490632,5.697069585357055
6.188333340843862,6.715064741564206
6.148333340895741,6.880921058445534
6.035000007709399,6.723969526069349
5.54166667501591,5.053546194188747
4.1183333435286125,3.550271121052992
2.808333345227659,2.406831398457591
1.6383333467451262,2.2006358405956927
1.0433333475168283,2.4118586158943263
0.7300000145898853,2.783197340709375
0.14000001535510442,3.307500933964125
-0.3133333173902635,3.0562494587937135
-0.6399999836332526,1.4843039400147617
-1.0133333164823792,0.5543257091445888
-1.0449999831079744,-0.17309060857954783
-0.8599999833479153,0.00024799017211485364
-0.5816666503755759,0.08901998350774853
0.100000015406982,-0.4186728897552605
0.300000015147587,-0.19874628896452862
0.5500000148233415,0.20247026482140207
1.1633333473611938,0.670614805444746
2.1400000127611403,2.0278479834805516
3.2500000113214913,3.5063587803213654
5.868333341258896,4.611112185310162
6.781666673407653,5.936423224470162
6.44333334051313,5.6858719805244835
5.073333342289995,5.5144619909390045
3.7716666773115666,5.400633185769035
3.1883333447348043,5.383648892340171
2.411666679075461,5.148962328814471
1.4733333469591265,7.172761336727867
1.2166666806253534,5.136373311880879
1.0833333474649507,2.9711456979331032
0.8350000144536995,0.4700513398959938
0.40833334834041324,-0.42752615449500553
0.14666668201312305,0.07941275881351828
-0.22333331750699337,-0.17261454882789806
-0.29333331741620405,-0.4918712448658571
-0.2549999841325903,0.2812385665511066
-0.36166665066090964,0.49815088626315074
-0.4649999838602241,0.5424222570168027
-0.4099999839315558,0.42785405325549775
-0.263333317455114,0.8434669391109217
-0.08833331768208552,0.9995525486399846
0.605000014752008,1.702510405373646
1.3366666804697154,2.251568013093859
1.6266666800935905,2.683187967386667
2.0550000128713837,3.3865570265807445
2.060000012864899,4.304581208641708
1.925000013039993,4.903987087419458
1.8116666798536514,4.9664890702266895
2.0100000129297477,5.153100276991266
1.9783333463041526,4.1334776444859855
1.7650000132475103,2.2537598138982116
1.4633333469720977,1.3219059720371718
1.6650000133772078,0.20214360380434648
1.8533333464662753,-0.22946789695063607
1.8766666797693468,0.13749252108928545
1.9416666796850421,1.0633100476993302
1.6866666800157741,1.23189774361364
1.3383333471342205,1.036944093780452
1.2516666805799606,0.7201137925801611
1.2666666805605047,1.383604975903026
1.2400000139284248,1.5357066837507904
1.1750000140127295,1.4398765294698777
1.1750000140127295,1.6553212724176642
1.35833334710828,1.359435034838702
1.7466666799379524,1.2869900224116435
1.9666666796526169,1.7668956622741803
2.2366666793024326,2.2558538049498154
2.7266666786669127,2.582991570118219
2.9916666783232113,2.8768496414443856
3.3583333445143175,3.162811754421721
3.381666677817389,3.3896845233192288
3.218333344695896,3.60836661760103
2.758333345292508,3.3062010555400168
2.558333345551903,3.1823492020773347
2.7416666786474586,3.3553665674704902
2.65000001209968,3.2088828728546
2.455000012352592,3.547921974350624
2.4016666790884305,3.1994294300583412
2.121666679451584,3.0350023993951663
1.78833334655058,2.57102247286552
1.6400000134096313,2.738497670083868
1.3816666804113513,3.129647977094077
1.1300000140710917,2.779914152363755
0.9766666809366278,2.450538064989635
0.8416666811117217,2.3590442556439886
0.433333348307988,1.868180938330589
-0.38166665063497085,1.7151925563422399
-0.8733333166639543,1.9523405167778254
-0.7116666502069666,1.8835025590433805
0.16000001532916386,2.0086601953739187
1.8666666797823162,2.26145005668749
3.5616666775839327,2.433471788992854
3.8600000105303334,2.1663689538277335
4.308333343282186,1.467663891725424
4.055000010277421,1.5378290752161075
2.7850000119245877,2.1256941238788976
2.5250000122618026,3.0777914095771877
2.0400000128908395,4.590736940477436
1.6466666800676517,5.286629447597544
1.4333333470110077,3.861291030755634
1.450000013656057,4.085490948168267
1.4466666803270485,3.238392808516096
1.318333347160161,1.5903700787122705
0.721666681267358,2.381656477848791
0.2900000151605546,1.810526485996105
0.283333348502536,1.6242237718954122
0.33000001510867705,1.422428281300462
0.5916666814359655,1.4987513265382475
0.6516666813581491,1.4206176778362263
-0.05499998439198528,1.0870674985940934
0.04833334880732565,0.07108121821442026
0.3816666817083316,-0.20270259715583627
0.6400000147066134,0.07922964965136181
1.026666680871779,0.35841050083282155
1.2316666806058993,1.408694294107029
1.5816666801519546,2.239894105514832
1.9183333463819707,2.21779312011434
2.028333346239304,3.9683884943459002
2.188333346031788,4.707491386689484
1.9933333462846985,4.455027186227972
1.7866666798860749,3.829112277218101
1.4400000136690263,2.5954095602860665
1.3383333471342205,1.8298108033130163
1.1100000140970305,1.3819646107020045
1.2633333472314945,1.2187820705327166
1.3050000138441202,1.627416224810224
1.3433333471277358,1.3563531371034827
1.1766666806772346,1.4931601784848656
0.8016666811635993,1.2496727268494698
0.7333333479188937,1.2308075607845623
0.8683333477438033,0.9138919785025816
0.7716666812025093,1.367887298063108
0.8216666811376623,1.327799932047073
0.8966666810403865,1.4633317831923005
0.8683333477438033,1.293862749456352
0.6583333480161677,0.9950509521760242
0.22333334858035414,1.3220741417792752
0.14833334867762815,1.7072450527934748
0.17333334864520467,1.7086180602831327
0.6166666814035437,2.1682347160994233
0.41833334832744207,2.450175726230821
0.23666668189639495,2.5640072961556957
0.0016666822011845994,2.3582911040534196
-0.2783333174356599,1.6753424353349757
-0.41333331726056777,1.7189513466079962
-1.189999982919911,1.5519771409549605
-1.6333333156782501,1.9131504505527577
-1.4583333159052216,0.9339507712106698
-1.234999982861547,0.6795724957472569
-1.2199999828810029,0.43236579782257856
-1.1199999830107004,0.33962029067905597
-1.0616666497530254,0.48977992249059454
-1.148333316307287,-0.4847624302845581
-1.2266666495390233,-0.4606457832142503
-1.1933333162489212,0.10606482046477694
-1.2883333161257084,0.1987747446826642
-1.2883333161257084,0.03819715461190043
-1.3199999827513036,0.1881177227960844
-1.4749999825502709,0.2214864712924065
-1.4449999825891808,0.03608307024323132
-1.0949999830431256,-0.027176071035174942
-0.7399999835035533,-0.017984524685415337
-0.38833331729299125,-0.3386683836750315
-0.01499998444386641,-0.3112413957489064
0.30166668181209033,-0.31127429045387167
0.5283333481847752,-0.44724219989636005
0.6533333480226542,-0.21126888582268144
0.2733333485155054,0.2364535377561019
-0.13499998428822657,0.24399779543364986
0.1950000152837692,0.16323071047181692
0.12166668204554831,0.06117626948237742
0.23500001523188985,0.0071860222299147125
0.4616666816045729,-0.015245363838136683
-0.07833331769505669,0.1616574675004223
-0.6233333169882016,-0.23778000173887293
-0.48833331716329376,-0.1949603124675523
-0.2583333174615987,0.8643762988952997
-0.4066666506025456,0.5515250081057683
-0.2349999841585273,0.891273618938845
0.11666668205203479,0.9247758076435897
0.3533333484117467,-0.2824445983053696
0.5066666815462089,-0.663339556770147
0.6116666814100267,0.006194437916150264
0.9133333476854375,0.2618709401445116
1.1616666806966887,-0.03494279653013166
1.3933333470628853,0.5180279895719409
2.1300000127741097,1.0885852170838586
2.881666678465878,1.4544782815238513
4.953333342445633,1.79572584228095
5.31333334197872,2.0068452809327155
4.370000009868872,2.4426505106374545
3.3900000111399144,2.4379170639246706
2.5250000122618026,2.3332961014360567
1.9500000130075659,2.945365133623868
2.0550000128713837,3.161021209327883
2.1233333461160893,5.551419385990054
2.075000012845443,4.170228802173927
1.4600000136430875,2.451807187395797
0.8166666811441452,1.6751798590721485
0.4450000149595237,1.2469742890136999
0.22833334857386944,1.1820983649325978
0.5000000148881885,1.8097370148835736
0.585000014777945,1.8636997180522297
0.9483333476400446,2.0088546125333924
0.3500000150827365,1.2538394847283474
-0.4683333171892343,1.0547334742660812
-0.6449999836267661,1.3737729853556218
0.5933333481004706,1.5169497819204452
1.6650000133772078,2.1499462700329097
2.4900000123071973,2.1523990411525915
3.505000010990761,2.888134532467028
4.141666676831684,1.9944007188399713
4.208333343411884,1.862707867486309
4.205000010082874,2.821173312482788
4.22333334339243,5.154093517267183
3.806666677266172,5.53030949188851
3.581666677557992,5.099085549721403
3.608333344190072,4.673107700601998
3.5150000109777917,3.680236515306996
3.031666678271332,2.618319216872697
2.5833333455194794,2.392242574145312
2.518333345603782,2.5067404675997444
2.866666678485336,2.357802245968628
2.761666678621518,2.58863730760838
2.7966666785761234,2.6750124804360453
2.550000012229379,2.366180919827727
2.363333345804815,1.7277311755873388
2.0533333462068786,1.5787703537536668
1.2816666805410488,2.0580725454036344
0.8500000144342454,2.7625198121469516
0.5750000147909144,2.392442823895891
0.26333334852847656,2.583661621812654
0.4466666816240288,2.2797073284985885
0.7300000145898853,2.8142678344054026
1.0316666808652943,3.3962647387936027
1.5916666801389852,3.3953424381175523
2.0333333462328174,3.93134044665271
2.3300000125147147,4.133016053939671
2.4666666790041276,3.631299939602311
2.120000012787079,3.46471337523219
1.6883333466802775,2.934840870444951
1.5533333468553678,2.7075243183145243
1.453333346985067,2.903249084910751
1.2933333471925845,2.754069258757772
1.3700000137598156,2.7375892405992612
1.5183333469007625,2.673001272353865
1.6716666800352282,1.9684824489108603
1.9350000130270217,1.6802073410918759
1.996666679613707,2.045745764733569
1.9633333463236067,2.150930413908963
2.1883333460317864,2.0335514744856287
2.245000012624958,2.1778856414284693
2.3116666792051586,2.083623330122103
3.061666678232422,1.803017799197658
3.926666677110534,1.6452021382242918
3.595000010874033,1.197552427853969
3.5566666775904174,1.108627583064111
3.751666677337507,1.6696029308581366
3.991666677026231,1.9567402689660902
4.145000010160694,2.539896145209836
3.9583333437361308,4.1929206370041525
3.9666666770586545,5.289109614197338
3.870000010517362,4.194899377199964
3.8716666771818673,4.416495504162313
3.8916666771559303,4.439711833645844
3.8166666772532025,4.258497211680823
3.715000010718395,3.8800655087306577
3.3633333445078346,3.116672668533152
3.183333344741289,3.1481314003931278
3.3466666778627836,3.0643811679334565
3.3583333445143175,3.3849210613975718
3.0683333448904424,3.6897474503632957
2.940000011723555,3.845335476506307
3.1066666781740597,3.9100929873783112
3.1016666781805426,3.516399699265971
3.088333344864502,3.5948596070073204
3.005000011639252,4.052631508126126
2.836666678524244,4.08940170140601
2.623333345467598,3.8434424175727706
2.1750000127157474,4.0743641233907
2.0250000129102936,4.629779935902175
2.985000011665191,4.629084086808682
3.976666677045685,4.519721817903007
5.686666674827848,4.165628006039355
6.165000007540791,3.898639474502872
6.163333340876286,3.599485721945527
5.7000000081438875,2.929553114890318
4.501666676364771,3.057974383311608
3.6600000107897284,4.708467695500615
2.4050000124174407,5.220038684578484
1.1750000140127295,6.83919789906015
0.34500001508922296,5.84184261995016
0.08833334875544807,5.354694340925815
0.3516666817472416,4.538338651254648
0.5466666814943295,3.0758991089084073
0.375000015050313,2.925132084510741
0.7666666812089957,1.848189647863867
0.8116666811506317,1.2397600264544373
1.055000014168364,1.103323838091102
1.2783333472120404,1.4990559877793022
1.5483333468618543,2.184156668880771
1.4950000135976929,2.1569811760504223
1.555000013519873,1.523907686366453
1.5833333468164597,2.1011056844740885
1.6433333467386415,1.7136058590800403
2.015000012923263,2.156877665212674
2.496666678965216,2.6480150544822774
3.3466666778627836,3.60864691977382
3.3950000111334298,4.150579831939174
3.3150000112371885,5.013010216878839
2.9316666784010312,5.187502726279829
2.8000000119051336,4.831875650345653
2.763333345286023,4.30192962429878
2.6416666787771543,3.290780296487224
2.590000012177498,2.699594752581733
2.4316666790495205,0.9766791291737249
2.348333345824269,0.3042617171837563
2.121666679451584,-0.11120637735288241
1.9866666796266763,0.5101143212955339
2.045000012884353,1.317045720465707
1.951666679672071,1.9795919411007041
1.998333346278212,2.5487280865936217
2.003333346271729,2.7517392617368213
1.9333333463625166,2.9994838501820933
1.908333346394942,2.7853172887526103
2.0083333462652426,2.7508524672237673
1.911666679723952,2.9262226182990645
1.9450000130140523,2.7355542061239557
2.0533333462068786,2.879370165870993
2.165000012728717,2.7790540610849277
2.4616666790106105,2.8757514674096427
2.485000012313682,3.1153939458665807
2.146666679419159,3.568296646603029
2.028333346239304,3.525728405100013
2.030000012903807,3.7269964282736012
1.9933333462846985,3.61336348940325
1.8000000132021157,3.3122074613098107
1.7400000132799338,3.292073054276319
1.6716666800352282,2.7534274484437695
1.7866666798860749,2.0925825300904464
1.9950000129492018,2.159382913081865
2.0650000128584125,2.3535213102328676
2.1116666794645536,2.330027437453582
2.1916666793607966,2.069712902474805
2.1966666793543137,2.094596797436788
2.2200000126573833,2.0447066497614266
2.1916666793607966,2.369928431524352
2.0816666795034635,2.6314092856101876
2.0216666795812834,2.6121554420704705
2.2200000126573833,2.6442316014796567
2.2333333459734224,2.72900471190823
2.3300000125147147,2.659634694704483
2.3750000124563506,2.7259608759485694
2.533333345584328,2.7465186562320447
2.498333345629721,2.68300744062981
2.500000012294228,2.775754260699303
2.5783333455259623,3.158972398978655
2.8266666785372134,2.9533825596620176
2.8400000118532542,2.984262552578235
2.633333345454629,2.776801273413769
2.2816666792440685,2.8181824951486245
1.9650000129881118,2.5388595712008097
1.558333346848885,2.55985478800962
1.1916666806577787,2.688722924504294
0.9300000143304867,3.1413395323301234
0.5983333480939859,3.089319952589161
0.9716666809431125,2.8658274466975726
1.2766666805475353,2.61200526243468
1.2983333471860998,2.5251511588831974
1.7233333466348828,2.216608403437071
1.5333333468813084,1.9857834776913972
1.3633333471017952,1.8361493740840977
1.4750000136236316,1.477263691291494
1.6400000134096313,2.3129190734880254
1.728333346628398,2.422522007248501
1.790000013215085,2.2303626846133024
1.9883333462911832,2.9198973140928306
2.6400000121126492,2.291343225048145
3.563333344248436,2.2818505192782848
4.303333343288672,2.626856113564516
4.49500000970675,2.8343726797934874
4.578333342932001,2.8369538190259025
4.576666676267497,2.8121717838326887
4.3766666765268925,3.0277296120062402
4.21666667673441,3.733096817845487
3.946666677084595,4.346307089670295
3.760000010660031,4.319944341737612
3.6933333440798286,3.6127973261546096
3.6033333441965585,3.2440832346875403
3.6066666775255687,2.9864431544450234
3.5900000108805177,2.7374085934276504
3.5450000109388817,2.928859897334167
3.4950000110037305,3.0109910273739455
3.448333344397591,3.363419832470404
3.2983333445921392,3.708649442164303
3.218333344695896,3.7537450481809547
3.42833334442353,3.855025678876972
3.5833333442224973,3.7361221913324574
3.7266666773699306,3.558921404798552
3.7050000107313643,3.4495502711353563
3.9533333437426137,3.5878074365677843
4.4833333430552145,3.685072797563368
5.223333342095449,4.056680393266635
6.1550000075537605,4.960795662432534
6.678333340208341,5.41232875929515
6.9450000065291455,5.762339729877914
6.861666673303895,5.614909372999557
6.705000006840422,5.773443557432677
6.415000007216546,5.924483213902874
5.84333334129132,6.1040139631390735
5.196666675463368,6.394496667114995
4.736666676059979,6.0391358498524035
4.175000010121784,5.884477129045811
3.9100000104654846,5.545120098328544
3.623333344170618,5.475287876504696
3.6883333440863133,5.296067988037417
3.426666677759025,4.820152878055426
3.1600000114382194,4.408563202619492
3.4983333443327407,4.298788094105869
2.7500000119699823,3.8383905098360067
3.076666678212968,3.961882276952597
2.940000011723555,3.792621556859638
2.910000011762465,4.232332453270582
3.40166667779145,3.895246971392215
4.605000009564081,3.927750544110628
5.905000007878006,4.891526933239462
6.8966666732585,3.7525140778971657
7.378333339300453,5.414014232086323
8.16500000494683,5.267828034172409
8.150000004966284,5.763281164457439
7.180000006224355,6.6817614358178075
6.415000007216546,7.956469222513889
5.733333341433989,8.418966074615556
5.210000008779408,8.085135626032184
4.721666676079434,7.170086703348085
4.5583333429579405,7.271992961611699
4.433333343120064,6.0191486338528355
4.4783333430617,4.344412263412605
4.083333343574006,3.9913421604248027
4.138333343502674,3.7196769100206346
4.173333343457279,3.7328806997673762
4.421666676468529,3.7172823078668156
4.486666676384226,4.085470952008027
4.076666676915988,4.09943152708759
4.233333343379461,4.285421794095676
4.0883333435675215,3.6604517148648625
4.208333343411884,4.113272284549384
4.518333343009821,4.302664035216843
5.076666675619006,5.1633788318978215
5.401666675197486,5.71096504122806
6.281666674056143,5.8128526580598905
7.166666672908315,7.231311065193855
8.236666671520545,7.545560532656599
8.491666671189815,7.884263844626039
8.425000004609615,7.872246715464988
7.965000005206225,7.65786665172196
7.385000005958474,6.554902140410343
6.690000006859876,6.463496960396538
6.428333340532586,6.20563895707067
6.208333340817922,6.733160282582162
6.286666674049658,6.109994485387534
6.551666673705959,5.927412737090422
6.9450000065291455,5.6616699708522
6.978333339819247,5.619269474551085
6.858333339974884,5.314833893103824
6.64500000691824,5.743469335734301
6.68500000686636,5.738937858308398
6.7800000067431485,6.175116326469617
6.743333340124037,6.482159085645213
6.601666673641109,6.808321346813086
6.5200000070803625,6.429046003943588
6.300000007365699,6.320769081333544
6.528333340402888,6.2147738788962865
6.6100000069636335,6.804465625734543
7.47333333917724,7.408562805071326
9.703333336284972,7.930870968943332
10.725000001626556,8.328398977600116
10.955000001328251,8.682803676963552
10.073333335805088,8.638181584652298
8.336666671390846,8.993610310730999
7.17166667290183,8.312383927650385
6.723333340149977,8.77310751848231
6.783333340072159,10.58782772020065
6.885000006606965,9.434176672686867
6.88666667327147,8.612129601641637
6.998333339793308,7.070612771370971
6.743333340124037,5.6998863947249285
5.533333341693385,6.018664282384365
4.968333342426179,6.855444697434
4.4550000097586295,7.629901236587104
4.143333343496189,7.722380168617516
4.070000010257967,7.391918285823869
4.591666676248042,7.329860641872792
4.883333342536421,6.662152253824548
4.988333342400239,4.971574046507112
5.133333342212177,5.191296965735175
5.52166667504185,4.931998962970051
5.690000008156858,5.112872487817442
6.488333340454767,5.6816048206224155
7.300000006068718,7.1899363146812405
6.895000006593994,7.950795980263442
6.683333340201856,8.589705402589832
6.495000007112788,9.016830639489996
6.623333340279675,9.028359454456934
6.04500000769643,7.80197487064633
5.673333341511806,7.480749051873476
5.043333342328904,6.772827769762292
4.325000009927236,4.71494113460362
3.713333344053888,4.788405430780027
3.108333344838563,5.353783390823811
1.863333346453306,6.35454020457475
1.650000013396662,5.67301861337523
1.3400000137987256,5.548356133348523
0.5133333482042293,4.321628172870202
0.5916666814359655,3.2029344708143466
0.7916666811765705,2.6221123119639014
0.3850000150373418,2.3952090280736815
0.11666668205203479,1.3986881633340467
1.026666680871779,2.720452043763034
1.0666666808198997,3.0089553238636793
1.1416666807226292,2.563702906254271
2.910000011762465,3.5784260874021996
4.6500000095057175,4.004121783684731
7.1566666729212844,3.403828332734342
8.515000004492887,3.4172130035348456
8.77166667082666,4.98038202832712
8.29166667144921,4.150974138337699
7.195000006204901,3.9302794880023058
5.691666674821362,5.989624417607626
4.52833334299685,6.55303577311489
3.6666666774477488,8.448470910440285
2.9633333450266264,7.629878216833372
2.546666678900369,6.398368562394413
2.2950000125601093,5.063618072286546
2.225000012650897,3.4052134283710718
2.153333346077181,1.8884507785374982
2.1416666794256454,1.3422701226693707
1.9716666796461322,1.093516330047457
2.500000012294228,0.928995589827462
2.2516666792829785,1.1810763966204103
1.8500000131372651,1.2921437300136258
1.3850000137403615,1.6828391632499553
1.0383333475233147,2.002832302476346
1.288333347199071,2.3154586014872685
1.635000013416116,2.322457284784152
2.728333345331418,4.064713469405072
4.643333342847698,4.187613531676996
6.760000006769088,4.856035815332975
8.42666667127412,5.753594246136873
8.701666670917447,6.699910500335636
8.021666671799396,7.606511313650603
6.640000006924725,7.182286142182863
5.665000008189281,7.208957880866647
4.438333343113579,7.221015751322736
3.9983333436842496,6.775522476117484
3.6150000108480924,6.095873199860572
3.323333344559714,4.293415747410171
3.14000001146416,3.1527637237869346
2.805000011898649,2.145536498172566
2.606666678822549,2.595988491424537
2.3000000125536246,2.2487595795216393
1.8500000131372651,3.2599477638817262
1.62000001343557,3.300373847254134
1.3233333471536746,3.3259929524210907
1.1550000140386665,3.2315057212107785
1.4900000136041776,2.7136446788385626
2.1250000127805944,2.485871102385577
2.2516666792829785,1.947150407545104
2.591666678842003,1.5823451095419028
2.6316666787901237,2.0813082643432192
2.9983333449812317,2.768408300636054
4.006666677006775,4.048813531465909
4.936666675800583,6.17145918230296
5.1983333421278735,7.901967201984195
5.32333334196575,7.84431248476176
5.1516666755217315,7.649492913223089
4.790000009324141,5.909655226570752
4.695000009447354,4.701348173167952
4.763333342692059,4.226667854959923
4.890000009194441,3.625148458909324
4.205000010082874,2.7901719108244922
3.6900000107508184,2.9192245251645197
3.530000010958336,3.0633306113604917
3.516666677642297,3.155689784217042
3.5150000109777917,3.6294832046204153
3.2416666779989676,3.837534538433628
2.790000011918103,3.932872236009615
2.3133333458696654,2.5659471069139723
1.9866666796266763,2.353487635866701
1.6733333466997333,2.6460533804718267
1.601666680126014,3.0513402475743305
1.468333346965613,3.455524843170636
1.7766666798990443,3.4390978663181304
3.136666678135148,3.393160323730948
5.03833334233539,3.383800952763387
6.196666674166386,3.6055266974288998
5.810000008001219,3.7463435781655985
6.643333340253736,4.193751645883695
6.096666674296085,4.241993173436158
5.536666675022394,4.878393021090313
5.188333342140843,6.453572067762247
5.178333342153813,7.660094909757825
4.448333343100609,7.27771502291633
4.631666676196162,5.1212069904644775
4.840000009259291,6.348533442002341
5.888333341232955,4.574798588536856
6.658333340234281,4.350722812861969
6.8533333399813685,4.156292134628744
6.881666673277954,4.411178643337688
6.978333339819247,3.298528898698292
7.653333338943784,4.215744299520699
9.171666670307868,4.201484141852879
9.988333335915332,5.523192910786815
10.42166666868664,5.5781549601724505
10.841666668141908,4.970218818109386
11.480000000647335,4.712607240163939
11.900000000102605,5.065591951555289
12.49166666600189,6.685230076974908
13.291666664964303,9.38096309041741
13.501666664691939,10.230561256199639
14.168333330493953,11.124469429786805
14.10833333057177,11.913284855553494
14.054999997307608,12.4758819544775
13.058333331933598,11.926851944519399
12.19333333305549,11.72760950878031
12.174999999745932,11.494466689366492
12.078333333204641,10.227365824278596
12.088333333191672,10.764211512318672
11.893333333444582,10.280508319745332
11.280000000906734,10.80371844424073
10.830000001490374,9.744769971984018
10.13666666905628,10.214221753104324
9.983333335921818,11.481879119803445
9.811666669477798,11.698363797952974
9.703333336284972,12.019639513218985
9.238333336888068,11.901905542489523
9.126666670366232,11.27325575444575
9.038333337147465,11.526680347286362
9.10333333706316,11.289110126028106
8.995000003870333,12.115202555872564
8.85833333738092,12.130237313745084
9.305000003468269,12.178094519930669
9.581666669776103,11.50597026487032
9.951666669296221,11.70366992215913
10.245000002249107,11.63438834499799
10.168333335681876,11.981030135395377
10.495000001924861,11.564960782802354
10.631666668414274,10.972573580135542
10.225000002275047,11.138952449491846
10.36166666876446,10.494206958620492
10.92833333469617,10.238498577936985
11.16333333439138,9.979666828281834
11.25333333427465,9.618794086016022
11.413333334067135,10.237509258025892
11.151666667739843,10.211447108130633
10.940000001347705,9.404996731112032
10.84833333479993,9.856890987724395
10.671666668362395,10.29851260044316
10.645000001730315,9.928731344935144
10.068333335811575,9.873554745730003
9.090000003747122,10.098836464569668
7.6883333388983885,9.687466523608778
6.638333340260219,9.750821855473783
6.66833334022131,9.857328524257246
7.225000006165991,9.840554467812813
6.745000006788542,10.087150422867392
7.170000006237325,9.441685415303088
7.935000005245134,8.742777645096591
8.270000004810646,7.780848895016622
5.096666675593066,7.668716070577957
4.28333334331461,8.822063861445862
3.8316666772337484,9.655824626309977
3.6366666774866587,8.313417939646367
3.3283333445532275,9.266208090763946
3.1283333448126243,9.829307160217724
3.213333344702381,9.675741579430603
3.4216666777655096,4.589613061744033
3.2400000113344625,6.488317978560665
3.0233333449488065,6.448174991535094
2.87833334513687,6.652054277295284
2.808333345227659,6.201963394705902
2.883333345130385,5.9094712105229945
2.5366666789133383,5.753419398743215
2.1583333460706946,5.645568148873386
2.1566666794061895,4.802326325365418
2.088333346161484,4.079522089449837
1.7600000132539932,3.412714930850381
1.5516666801908645,2.9828126894689273
1.2950000138570896,2.858034158921429
1.3366666804697154,2.3413481858888883
1.7600000132539932,2.672450836590553
1.5816666801519546,3.787878887784471
1.78833334655058,4.074331577945529
1.6750000133642384,3.6031217188107636
1.2666666805605047,3.1943187316663657
1.0616666808263862,2.0682745462402963
1.015000014220245,1.1754332221375048
0.7666666812089957,1.1517215577851978
0.8716666810728118,0.6745617688897632
0.7450000145704294,1.3755649047614948
0.6183333480680488,1.4308188502903363
0.49833334822368336,1.5707272736515705
-0.2666666507841242,2.2457298385762723
-0.5099999838018601,2.1331656934384533
-0.9383333165796497,1.7405628351027786
-1.5233333158209188,2.018763791982618
-1.826666648760833,1.5930689407865195
-2.254999981538628,1.4024234670127615
-2.6716666476648854,1.1967347567631066
-2.923333314005145,0.020479540461671775
-2.783333314186722,0.29362888448214086
-2.5399999811689877,-0.2419948974409909
-1.994999981875841,-0.7594641086977223
-1.073333316404561,-0.7203854135905843
-0.0033333177923307034,-1.0704300822911055
1.6400000134096313,-1.1321737091360102
1.9900000129556883,-1.0019426563861735
2.216666679328373,-0.47437777643254186
2.350000012488774,-0.2272704513420578
1.7216666799703777,0.30521825203647346
1.1483333473806479,1.0014860180597456
0.6216666813970573,1.5596551391735982
1.3466666804567442,2.9202027713139476
1.4650000136366028,1.8705075766231047
1.555000013519873,2.008133369209144
1.7783333465635494,1.882153694493656
1.7000000133318132,0.8104955858530296
1.555000013519873,0.3958012748062938
1.3400000137987256,-0.19401807434141638
1.3033333471796151,1.097816746445618
1.0050000142332145,0.32725780800688575
0.508333348210714,0.1675011793567851
0.30333334847659543,0.20043229783203742
0.40166668168239283,-0.17475022729113654
0.49666668155917826,-0.19361124336847801
0.32833334844417195,-0.1078641318439395
0.0983333487424769,0.41594401318949537
-0.01499998444386641,0.6770346166096459
0.040000015484800144,1.07104133443665
-0.1666666509138217,2.054145071918466
0.006666682194699902,3.185739147679998
0.5033333482172004,3.7794422732504938
0.7316666812543904,3.5234116059112957
0.788333347847562,2.857709636180717
1.5650000135069035,2.0746545230324145
1.9500000130075659,1.4844730946066278
2.3233333458566943,0.454794185235885
2.226666679315402,0.547785716880842
2.2200000126573833,1.1611246980531433
1.6483333467321568,1.5572675339804505
1.0933333474519813,1.7542070565783092
0.691666681306268,3.0135933439475444
0.7983333478345909,2.9513222344503447
1.0183333475492535,3.029363663381176
1.0200000142137586,2.1605700787624436
0.9783333476011329,1.852451445053445
0.7783333478605314,0.8669194278521637
0.5200000148622497,0.4740689469931798
0.650000014693644,0.29511128328188185
1.2133333472963432,0.9330302595834539
1.8733333464403348,1.2864241129469587
2.2833333459085736,1.1769709103769959
3.1033333448450477,1.068479979889819
3.9266666771105356,0.7829299998808938
3.943333343755585,0.638725084685758
3.7166666773829,1.1781027109398696
3.7166666773829,2.080118174871151
3.265000011302037,2.9016886112904583
2.87833334513687,3.3314937377108738
2.135000012767625,4.51206585344249
0.7916666811765705,5.174007901436555
0.31833334845714134,4.609390078044286
0.2000000152772845,4.243488802786819
0.39333334835986733,4.082060848568348
0.4383333483015033,2.937239449431596
0.13666668202609422,2.374702629347043
0.10666668206500418,1.174168292214711
-0.08833331768208552,-0.49332968531804333
-0.13999998428174365,0.10232552334039013
-0.8399999833738541,0.5455117562911962
-0.8066666500837538,1.2523043280899415
-0.30333331740323466,1.2198639288894189
1.4800000136171487,0.7986205087361942
1.3116666805021406,1.0682339769474378
1.0950000141164864,0.922981126296861
1.893333346414396,1.387240051001248
2.9050000117689496,0.9276727642933782
3.42500001109452,2.2161755197127597
3.446666677733086,3.249721610316401
3.5883333442160126,5.708621786573613
3.4833333443521948,3.602512392879399
3.0400000115938575,2.9350775684725345
2.558333345551903,3.531895761510528
2.6250000121321033,3.693354986846238
2.355000012482291,2.9505630852593985
2.258333345940997,1.8507004134634162
2.3366666791727333,1.6394462153185074
2.1133333461290587,1.2642051114092254
2.0950000128195043,0.8700205155688128
2.286666679237584,0.9182225067614365
2.1283333461096046,1.9053558384730707
2.0350000128973242,1.699918902071511
1.4316666803465026,1.9175116861205783
1.3833333470758564,2.01865632846971
1.3883333470693717,1.3864338922998964
1.3266666804826848,1.659131732592373
1.256666680573474,2.2107975915574816
1.2850000138700608,2.2487433187388373
1.8866666797563756,2.891944636822469
2.075000012845443,2.6156797060609485
3.2433333446634727,3.484478354938908
4.086666676903016,3.607542071152338
4.708333342763393,3.766281547720242
4.3783333431913976,3.6690542092773164
4.126666676851138,3.492903564412469
3.9400000104265747,3.926998989316095
3.900000010478454,3.46148125665896
3.6916666774153235,4.59213827602495
3.4833333443521948,4.189731814674395
2.868333345149841,4.185264015808079
2.5266666789263077,3.1216771826895364
1.998333346278212,3.169970921975235
1.4816666802816538,3.19593525274445
1.5783333468229443,3.5517390279549375
1.4133333470369482,3.4034866445946577
0.5466666814943295,3.2392304551026907
1.0933333474519813,2.3487967366621305
1.348333347121251,2.313941309226532
0.3550000150762518,1.616622413579286
0.6733333479967136,1.203358711536202
0.3783333483793232,1.8209857471943405
0.283333348502536,1.578490683312321
0.26166668186397146,0.6035112975729024
1.0016666809042043,2.60978213804
2.2383333459669377,2.938963089392349
2.806666678563154,1.886198646692959
3.123333344819109,3.683551812337811
3.2833333446115933,3.172225855497084
3.351666677856299,3.4741056501767957
3.293333344598622,3.1865351060242713
2.9633333450266264,3.7888813379226622
2.9066666784334547,4.364868985285839
2.728333345331418,3.684969421218087
2.4166666790689746,3.1950239252981234
2.396666679094915,2.8822650832028085
2.2650000125990193,2.6491367102635035
2.1766666793802507,2.406582856580357
2.0100000129297477,1.7997688302360313
